ticket_id,created_at,updated_at,customer_id,assigned_agent_id,category_id,priority,status,subject,description,resolution_notes,sla_hours,first_response_at,resolved_at,closed_at,sla_breached,escalated,escalation_reason,satisfaction_score
TKT-00001,2026-06-15T09:40:19,2026-06-15T14:44:00,CUST-009,AGT-002,CAT-015,P4,In Progress,Query about laptop refresh eligibility,"Laptop is approximately 4 years old and running noticeably slower than when new. Would like to understand the organisation device refresh policy and whether the current device is eligible for replacement, and if so what the process is to request one.",,72,2026-06-15T10:51:22,,,True,False,,
TKT-00002,2026-03-13T10:31:01,2026-03-15T14:36:29,CUST-017,AGT-001,CAT-015,P4,Closed,Request for second monitor for home office setup,Working remotely three days per week and would like to request a second external monitor for the home office setup. Line manager has provided verbal approval. Requesting information on the available options and the process for requesting peripherals for remote work.,Line manager approval confirmed via email. Equipment request raised for a standard 24-inch external monitor from the approved supplier. Delivery details provided. Estimated delivery within 3-5 business days.,72,2026-03-13T13:09:54,2026-03-14T12:48:56,2026-03-15T14:36:29,False,False,,5
TKT-00003,2026-02-02T13:08:08,2026-02-07T23:21:45,CUST-003,AGT-004,CAT-015,P3,Closed,How to configure VPN on a personal device for international travel,Travelling internationally next month for a conference and would like to configure VPN access on a personal laptop as a backup in case the corporate device has issues. Unsure whether this is permitted under IT policy and how to proceed if it is.,Confirmed that personal device VPN access is permitted under the BYOD policy for employees with a signed BYOD agreement on file. User has a current signed agreement. VPN client installer link and configuration guide sent. User confirmed successful installation and VPN connection test.,24,2026-02-02T13:42:51,2026-02-03T02:55:34,2026-02-07T23:21:45,False,False,,5
TKT-00004,2026-04-18T10:42:41,2026-04-19T20:52:43,CUST-007,AGT-003,CAT-012,P3,Closed,SSO authentication failure for project management tool,Receiving an SSO authentication error when attempting to access the corporate project management tool via the internal SSO portal. Error message states SAML assertion validation failed. All other SSO-enabled applications are working correctly. The issue affects multiple users.,The SAML signing certificate for the project management application integration had expired. New certificate generated and uploaded to the service provider. IdP metadata updated with the new certificate fingerprint. SSO login confirmed working for all affected users within 20 minutes.,24,2026-04-18T13:25:12,2026-04-18T18:28:34,2026-04-19T20:52:43,False,False,,2
TKT-00005,2026-06-17T09:57:02,2026-06-19T18:37:26,CUST-019,AGT-003,CAT-011,P3,Resolved,New finance team member requires ERP access before Monday start date,A new team member joining the finance department on Monday requires access to the accounts payable and general ledger modules in the ERP system. Manager approval has been provided via email and is attached. Access must be provisioned and tested before their first day.,ERP roles Finance_AP_User and Finance_GL_ReadOnly provisioned and linked to the new user account. Access tested in the staging environment and confirmed working. User account active from Monday 8am. Onboarding guide sent to the new starter personal email.,24,2026-06-17T11:32:29,2026-06-19T17:32:43,,True,False,,
TKT-00006,2026-06-26T09:30:51,2026-06-27T01:42:11,CUST-019,AGT-004,CAT-012,P3,In Progress,MFA authenticator app inaccessible after phone replacement,Mobile phone was replaced and the Microsoft Authenticator app data was not transferred to the new device. MFA challenges cannot be completed and login to all corporate systems is blocked. Old phone is available but the SIM card has been transferred to the new device.,,24,2026-06-26T09:53:15,,,True,False,,
TKT-00007,2026-02-17T07:06:03,2026-02-22T00:06:18,CUST-014,AGT-008,CAT-009,P3,Closed,CRM email integration not saving attachments to customer records,Inbound emails received on the shared CRM mailbox are being correctly logged as interactions but attachments are not being saved to the associated customer records. Issue began after the CRM upgrade deployed last Tuesday. Emails without attachments are processing correctly.,Vendor confirmed a defect in the CRM 5.1.0 email integration module where file attachments exceeding 2MB in size are silently dropped during processing. Hotfix 5.1.0-P3 deployed to production. Attachment processing confirmed working for all tested file sizes.,24,2026-02-17T09:31:21,2026-02-18T22:28:35,2026-02-22T00:06:18,True,False,,1
TKT-00008,2026-06-12T07:28:51,2026-06-13T07:42:37,CUST-015,AGT-011,CAT-008,P3,In Progress,CRM application load times increased from 3 seconds to over 45 seconds,"The CRM system is taking between 45 and 60 seconds to load individual customer records, compared to the usual 3-5 seconds. The slowdown started this morning and is affecting the entire sales team simultaneously. Report generation is also timing out before completing.",,24,2026-06-12T07:43:39,,,True,False,,
TKT-00009,2026-06-13T11:13:55,2026-06-13T11:51:40,CUST-003,AGT-008,CAT-013,P4,In Progress,Inbound emails from supplier domain not being received,Emails from the organisation primary supplier are not arriving in any recipient inbox. The supplier has confirmed the emails are being sent and no bounce notifications are being returned. The issue has been occurring for approximately two days. All other external email traffic is operating normally.,,72,2026-06-13T11:48:33,,,True,False,,
TKT-00010,2026-06-16T12:46:50,2026-06-16T18:39:21,CUST-015,AGT-008,CAT-009,P3,In Progress,Customer portal returning 503 Service Unavailable to all external users,All customers are receiving a 503 Service Unavailable error when attempting to log in to the self-service portal. The error has been occurring since approximately 2pm and is affecting every customer login attempt. Internal access to back-end systems is unaffected.,,24,2026-06-16T13:25:52,,,True,False,,
TKT-00011,2026-06-24T13:58:54,2026-06-25T10:40:43,CUST-018,AGT-011,CAT-006,P2,In Progress,Keyboard unresponsive — multiple keys affected,"Several keys on the laptop keyboard are unresponsive or require excessive force to register a keypress. Affected keys include E, R, and the spacebar. The issue has worsened progressively over the past two weeks and is significantly impacting data entry tasks.",,8,2026-06-24T14:14:47,,,True,False,,
TKT-00012,2026-05-18T11:07:56,2026-05-19T21:46:20,CUST-003,AGT-011,CAT-007,P3,Resolved,Unable to access internal SharePoint from the Sydney office network,All users on the Sydney office floor are unable to access the internal SharePoint site. The site is accessible from other office locations and via VPN when working remotely. Error message is ERR_CONNECTION_TIMED_OUT. Approximately 40 users are affected and cannot access shared documents.,Identified a misconfigured ACL rule on the core distribution switch blocking port 443 traffic originating from VLAN 20. Rule corrected and traffic flow restored. SharePoint access confirmed for all affected users within 10 minutes.,24,2026-05-18T12:54:39,2026-05-19T20:27:27,,True,False,,
TKT-00013,2026-06-30T10:25:08,2026-06-30T10:47:31,CUST-011,AGT-003,CAT-011,P4,Open,Access revocation required for departed employee — immediate action,"A team member departed the organisation yesterday afternoon. Please confirm their access has been revoked across all systems including Active Directory, email, VPN, CRM, and building access. The HR offboarding form has been submitted and is attached.",,72,,,,False,False,,
TKT-00014,2026-03-09T08:36:06,2026-03-13T22:17:40,CUST-003,AGT-001,CAT-012,P1,Closed,MFA prompt looping — cannot complete login despite correct credentials,"Correct credentials entered at login prompt but the MFA challenge loop repeats indefinitely without granting access. The Microsoft Authenticator app is showing and approving the prompts, but the system continues to re-challenge. Issue began this morning after a browser update.",Browser cookie store contained a corrupted session token from a previous failed authentication attempt. Clearing browser cookies and cache resolved the issue. Login completed successfully on the first attempt post-clear. IT communications issued to other potentially affected users.,2,2026-03-09T08:51:03,2026-03-09T10:12:29,2026-03-13T22:17:40,False,False,,4
TKT-00015,2026-03-11T14:00:42,2026-03-23T04:16:33,CUST-018,AGT-011,CAT-007,P4,Closed,Intermittent Wi-Fi drops in Level 2 meeting rooms during peak hours,Multiple users and teams are experiencing intermittent Wi-Fi disconnections in Level 2 meeting rooms MR-201 through MR-205. The issue is most severe between 9am and 12pm and appears to correlate directly with room occupancy. Client-facing meetings are being disrupted.,Access point AP-L2-04 was operating at 100% channel utilisation during peak hours. Deployed a second access point for load balancing and adjusted channel allocation across the floor to minimise co-channel interference. Connection stability confirmed via monitoring over the following two business days.,72,2026-03-11T16:48:49,2026-03-21T05:49:46,2026-03-23T04:16:33,True,False,,4
TKT-00016,2026-06-18T10:45:21,2026-06-18T13:32:26,CUST-005,AGT-002,CAT-012,P2,In Progress,Self-service password reset email not received after address change,A password reset was initiated via the self-service portal but the verification email has not been received after 30 minutes. Spam and junk folders have been checked. Note that the account email address was updated last month when moving to a new personal address.,,8,2026-06-18T12:19:17,,,True,True,Customer threatened contract review if not resolved within 2 hours,
TKT-00017,2026-04-29T15:10:47,2026-05-04T10:08:29,CUST-009,AGT-004,CAT-012,P1,Closed,MFA prompt looping — cannot complete login despite correct credentials,"Correct credentials entered at login prompt but the MFA challenge loop repeats indefinitely without granting access. The Microsoft Authenticator app is showing and approving the prompts, but the system continues to re-challenge. Issue began this morning after a browser update.",Browser cookie store contained a corrupted session token from a previous failed authentication attempt. Clearing browser cookies and cache resolved the issue. Login completed successfully on the first attempt post-clear. IT communications issued to other potentially affected users.,2,2026-04-29T15:46:25,2026-04-29T15:38:10,2026-05-04T10:08:29,False,False,,3
TKT-00018,2026-06-28T15:08:02,2026-06-29T12:56:52,CUST-012,AGT-010,CAT-006,P3,Pending Customer,External monitors not detected after docking station firmware update,"Following a docking station firmware update pushed centrally by IT, external monitors are no longer being detected. The dock USB ports remain functional but all DisplayPort and HDMI outputs have stopped working. Issue affects three users on the same desk cluster.",,24,2026-06-28T17:50:27,,,True,False,,
TKT-00019,2026-05-16T13:56:55,2026-05-16T17:39:30,CUST-012,AGT-008,CAT-013,P2,Resolved,External participants cannot join Teams meetings — link errors,External clients are unable to join Teams meetings using the links embedded in calendar invitations. They receive an error stating the meeting cannot be found or has expired. Internal participants can join the same meetings without issue. Client relationships are being impacted.,External guest access to Teams had been inadvertently disabled during a Teams admin policy review conducted last week. The affected meeting policy updated to re-enable external access. Existing meeting links confirmed functional within 20 minutes after policy propagation completed.,8,2026-05-16T16:43:59,2026-05-16T16:03:31,,False,False,,
TKT-00020,2026-06-15T13:21:50,2026-06-15T22:49:53,CUST-014,AGT-010,CAT-007,P1,In Progress,Unable to access internal SharePoint from the Sydney office network,All users on the Sydney office floor are unable to access the internal SharePoint site. The site is accessible from other office locations and via VPN when working remotely. Error message is ERR_CONNECTION_TIMED_OUT. Approximately 40 users are affected and cannot access shared documents.,,2,2026-06-15T13:39:02,,,True,True,Business impact confirmed — production system down affecting multiple users,
TKT-00021,2026-02-02T08:50:55,2026-02-08T18:12:14,CUST-016,AGT-009,CAT-006,P3,Closed,Keyboard unresponsive — multiple keys affected,"Several keys on the laptop keyboard are unresponsive or require excessive force to register a keypress. Affected keys include E, R, and the spacebar. The issue has worsened progressively over the past two weeks and is significantly impacting data entry tasks.",Hardware inspection confirmed physical damage to the keyboard membrane. Replacement keyboard unit sourced and installed. All keys confirmed functional following replacement.,24,2026-02-02T09:01:02,2026-02-04T07:46:07,2026-02-08T18:12:14,True,False,,5
TKT-00022,2026-01-03T11:34:21,2026-01-08T23:16:53,CUST-017,AGT-005,CAT-009,P3,Closed,Finance application crashes when generating month-end reports,The finance application is crashing with an unhandled exception error whenever users attempt to generate month-end summary reports. The error log shows System.OutOfMemoryException in the report_generator.dll module. This is blocking the monthly close process and the finance team cannot complete period-end activities.,"Application vendor confirmed a memory leak introduced in version 4.2.1 affecting report generation for datasets exceeding 500,000 rows. Patch 4.2.1-HF2 applied to the production environment. Month-end reports now generating successfully.",24,2026-01-03T14:12:57,2026-01-04T00:55:35,2026-01-08T23:16:53,False,False,,2
TKT-00023,2026-05-04T08:24:57,2026-05-04T22:21:48,CUST-012,AGT-002,CAT-011,P3,Resolved,Contractor requires VPN and development environment access for 3-month engagement,A contractor joining on Monday is beginning a 3-month engagement and requires VPN access and credentials for the development environment. Network access should be restricted to the development VLAN only. Project lead approval is attached.,VPN account created and MFA enrolment completed with the contractor. Access profile restricted to the dev-VLAN subnet 10.20.0.0/24. Development environment credentials issued via the secure credential store. Account expiry set to the contract end date. Contractor confirmed successful connection.,24,2026-05-04T08:38:40,2026-05-04T20:45:01,,False,False,,
TKT-00024,2026-06-15T08:42:58,2026-06-18T02:26:24,CUST-007,AGT-003,CAT-012,P3,Closed,MFA prompt looping — cannot complete login despite correct credentials,"Correct credentials entered at login prompt but the MFA challenge loop repeats indefinitely without granting access. The Microsoft Authenticator app is showing and approving the prompts, but the system continues to re-challenge. Issue began this morning after a browser update.",Browser cookie store contained a corrupted session token from a previous failed authentication attempt. Clearing browser cookies and cache resolved the issue. Login completed successfully on the first attempt post-clear. IT communications issued to other potentially affected users.,24,2026-06-15T09:43:35,2026-06-16T00:24:28,2026-06-18T02:26:24,False,False,,4
TKT-00025,2026-03-21T11:24:43,2026-03-25T18:37:09,CUST-013,AGT-006,CAT-009,P4,Closed,Document management system not indexing new uploads,Files uploaded to the document management system over the past 48 hours are not appearing in search results. The uploads themselves complete without error but the search index is not being updated. All documents uploaded prior to the issue remain searchable.,The background indexing service had entered a fault state after a disk space warning event caused it to halt processing. Service restarted and a catch-up index run triggered. 847 queued documents indexed successfully over 35 minutes. Disk space alert threshold lowered to provide earlier warning.,72,2026-03-21T13:09:44,2026-03-23T16:13:54,2026-03-25T18:37:09,False,False,,3
TKT-00026,2026-04-06T13:28:43,2026-04-12T03:15:22,CUST-020,AGT-006,CAT-013,P4,Closed,Email signature rendering incorrectly on iOS devices,The corporate email signature is displaying correctly in Outlook on desktop and web but is rendering incorrectly on the iPhone Mail app. Embedded images are not displaying and the HTML formatting is broken. This is presenting unprofessionally to clients who receive replies from mobile.,The corporate signature template used embedded inline images which are not rendered correctly by the iOS Mail client. Rebuilt the signature using externally hosted image URLs from the corporate CDN. Updated the signature template in the central signature management tool. Tested on iOS and desktop — rendering consistent.,72,2026-04-06T15:52:49,2026-04-08T13:22:15,2026-04-12T03:15:22,False,False,,4
TKT-00027,2026-06-29T10:14:51,2026-06-29T10:22:23,CUST-020,,CAT-012,P3,Open,Account locked out after return from leave — urgent client call in 45 minutes,"Account locked out after multiple failed login attempts on returning from annual leave. Unable to access email, VPN, or any corporate systems. A client call is scheduled in 45 minutes that requires access to CRM and the shared presentation drive. Urgent assistance needed.",,24,,,,True,False,,
TKT-00028,2026-06-29T07:26:56,2026-06-29T21:26:00,CUST-020,AGT-002,CAT-015,P4,In Progress,How to configure VPN on a personal device for international travel,Travelling internationally next month for a conference and would like to configure VPN access on a personal laptop as a backup in case the corporate device has issues. Unsure whether this is permitted under IT policy and how to proceed if it is.,,72,2026-06-29T09:34:05,,,False,False,,
TKT-00029,2026-01-25T13:14:11,2026-01-29T06:24:45,CUST-001,AGT-011,CAT-008,P4,Closed,Database query performance degraded after weekend maintenance,"Following the weekend maintenance window, database query performance has degraded significantly across multiple business applications. Queries that previously completed in under 1 second are now taking 15-30 seconds. Applications are displaying timeout errors to end users.",Post-maintenance script had dropped and failed to recreate 12 non-clustered indexes on high-traffic tables. Indexes recreated from the pre-maintenance index configuration backup. Application performance confirmed restored. Pre-maintenance checklist updated to include index integrity verification.,72,2026-01-25T14:41:00,2026-01-27T22:16:36,2026-01-29T06:24:45,False,False,,3
TKT-00030,2026-03-14T07:48:57,2026-03-15T17:56:14,CUST-017,AGT-008,CAT-010,P4,Resolved,Forecast report calculating negative inventory values,The weekly inventory forecast report is producing negative stock-on-hand values for 14 product lines. Negative inventory is not operationally possible and the figures are being queried by the operations team. The report was running correctly until last week.,A recent data load had introduced duplicate records in the inventory adjustment staging table due to a broken deduplication step in the ETL pipeline. Duplicate records removed and ETL deduplication step restored. Historical data for the affected period corrected. Report re-run and all inventory values confirmed non-negative.,72,2026-03-14T10:16:45,2026-03-15T16:07:24,,False,False,,
TKT-00031,2026-06-21T10:40:17,2026-06-21T13:25:38,CUST-006,AGT-008,CAT-010,P3,In Progress,Revenue reconciliation report shows $47k discrepancy versus ERP source,"The weekly revenue reconciliation report shows a $47,000 discrepancy compared to totals pulled directly from the ERP source system for the period ending last Friday. The report logic has been reviewed by the finance team and no errors can be identified. The discrepancy needs to be resolved before the board report is finalised.",,24,2026-06-21T11:34:03,,,True,False,,
TKT-00032,2026-01-19T12:05:08,2026-01-19T20:06:34,CUST-009,AGT-006,CAT-009,P3,Resolved,Customer portal returning 503 Service Unavailable to all external users,All customers are receiving a 503 Service Unavailable error when attempting to log in to the self-service portal. The error has been occurring since approximately 2pm and is affecting every customer login attempt. Internal access to back-end systems is unaffected.,Load balancer health check was incorrectly flagging the primary web server as unhealthy after a configuration change earlier in the day. Health check thresholds corrected and the server re-added to the load balancer rotation. Portal access confirmed restored for all customers within 8 minutes.,24,2026-01-19T13:17:46,2026-01-19T19:16:47,,False,False,,
TKT-00033,2026-06-26T07:37:44,2026-06-26T08:58:24,CUST-015,AGT-005,CAT-009,P3,In Progress,Document management system not indexing new uploads,Files uploaded to the document management system over the past 48 hours are not appearing in search results. The uploads themselves complete without error but the search index is not being updated. All documents uploaded prior to the issue remain searchable.,,24,2026-06-26T08:49:55,,,True,False,,
TKT-00034,2026-01-08T13:26:34,2026-01-11T07:19:06,CUST-013,AGT-006,CAT-009,P4,Closed,Payroll export failing validation — preventing weekly submission,The weekly payroll export to the payroll provider is failing at the validation step before transmission. The error message references an invalid format in the tax file number field for three specific employee records. The payroll export has not been submitted successfully this week and payroll processing is at risk.,Three employee records had tax file number fields containing leading spaces introduced during a bulk data import. Records corrected directly in the database after confirming with HR. Re-ran the export validation. Export completed successfully and transmitted to the payroll provider.,72,2026-01-08T14:10:44,2026-01-09T01:42:20,2026-01-11T07:19:06,False,False,,5
TKT-00035,2026-01-14T13:58:25,2026-01-22T09:51:33,CUST-006,AGT-005,CAT-009,P4,Closed,Finance application crashes when generating month-end reports,The finance application is crashing with an unhandled exception error whenever users attempt to generate month-end summary reports. The error log shows System.OutOfMemoryException in the report_generator.dll module. This is blocking the monthly close process and the finance team cannot complete period-end activities.,"Application vendor confirmed a memory leak introduced in version 4.2.1 affecting report generation for datasets exceeding 500,000 rows. Patch 4.2.1-HF2 applied to the production environment. Month-end reports now generating successfully.",72,2026-01-14T15:56:15,2026-01-21T08:49:51,2026-01-22T09:51:33,True,False,,2
TKT-00036,2026-01-22T10:17:48,2026-01-24T03:41:19,CUST-011,AGT-010,CAT-008,P3,Closed,Warehouse management system scan response degraded across all terminals,The warehouse management system is running extremely slowly across all scanning terminals in the facility. Individual scan operations are taking 8-10 seconds instead of the near-instant response expected. The slowdown is directly impacting dispatch targets and warehouse throughput.,"Application server diagnostic revealed a log file that had grown to 180GB on the primary data volume, causing severe disk I/O contention. Log file archived to secondary storage and disk space cleared. WMS response times returned to normal within minutes. Log rotation policy applied.",24,2026-01-22T12:49:04,2026-01-23T02:28:48,2026-01-24T03:41:19,False,False,,5
TKT-00037,2026-03-03T10:12:53,2026-03-07T05:27:30,CUST-003,AGT-009,CAT-008,P3,Closed,Database query performance degraded after weekend maintenance,"Following the weekend maintenance window, database query performance has degraded significantly across multiple business applications. Queries that previously completed in under 1 second are now taking 15-30 seconds. Applications are displaying timeout errors to end users.",Post-maintenance script had dropped and failed to recreate 12 non-clustered indexes on high-traffic tables. Indexes recreated from the pre-maintenance index configuration backup. Application performance confirmed restored. Pre-maintenance checklist updated to include index integrity verification.,24,2026-03-03T10:45:23,2026-03-04T01:03:41,2026-03-07T05:27:30,False,False,,3
TKT-00038,2026-03-12T07:47:45,2026-03-12T19:41:03,CUST-012,AGT-001,CAT-012,P2,Resolved,MFA authenticator app inaccessible after phone replacement,Mobile phone was replaced and the Microsoft Authenticator app data was not transferred to the new device. MFA challenges cannot be completed and login to all corporate systems is blocked. Old phone is available but the SIM card has been transferred to the new device.,MFA re-enrolment initiated after identity verification with the user manager via video call. Existing authenticator tokens invalidated across all registered devices. New device enrolled with Microsoft Authenticator and tested with a full login flow. User confirmed successful access.,8,2026-03-12T10:41:36,2026-03-12T17:52:05,,True,True,Regulatory compliance risk identified — escalated to security team lead,
TKT-00039,2026-02-24T09:49:19,2026-02-26T22:28:40,CUST-007,AGT-005,CAT-009,P2,Closed,Document management system not indexing new uploads,Files uploaded to the document management system over the past 48 hours are not appearing in search results. The uploads themselves complete without error but the search index is not being updated. All documents uploaded prior to the issue remain searchable.,The background indexing service had entered a fault state after a disk space warning event caused it to halt processing. Service restarted and a catch-up index run triggered. 847 queued documents indexed successfully over 35 minutes. Disk space alert threshold lowered to provide earlier warning.,8,2026-02-24T12:11:29,2026-02-24T13:25:15,2026-02-26T22:28:40,False,False,,4
TKT-00040,2026-06-28T09:23:40,2026-06-29T04:22:06,CUST-014,AGT-008,CAT-009,P4,In Progress,Customer portal returning 503 Service Unavailable to all external users,All customers are receiving a 503 Service Unavailable error when attempting to log in to the self-service portal. The error has been occurring since approximately 2pm and is affecting every customer login attempt. Internal access to back-end systems is unaffected.,,72,2026-06-28T10:45:26,,,True,False,,
TKT-00041,2026-01-15T10:52:46,2026-01-15T17:41:55,CUST-009,AGT-003,CAT-015,P3,Resolved,Request for second monitor for home office setup,Working remotely three days per week and would like to request a second external monitor for the home office setup. Line manager has provided verbal approval. Requesting information on the available options and the process for requesting peripherals for remote work.,Line manager approval confirmed via email. Equipment request raised for a standard 24-inch external monitor from the approved supplier. Delivery details provided. Estimated delivery within 3-5 business days.,24,2026-01-15T13:26:57,2026-01-15T15:56:07,,False,False,,
TKT-00042,2026-02-28T07:21:01,2026-03-05T14:13:28,CUST-015,AGT-010,CAT-008,P3,Closed,Warehouse management system scan response degraded across all terminals,The warehouse management system is running extremely slowly across all scanning terminals in the facility. Individual scan operations are taking 8-10 seconds instead of the near-instant response expected. The slowdown is directly impacting dispatch targets and warehouse throughput.,"Application server diagnostic revealed a log file that had grown to 180GB on the primary data volume, causing severe disk I/O contention. Log file archived to secondary storage and disk space cleared. WMS response times returned to normal within minutes. Log rotation policy applied.",24,2026-02-28T07:58:39,2026-03-03T08:11:26,2026-03-05T14:13:28,True,False,,4
TKT-00043,2026-03-28T11:26:31,2026-03-29T04:32:57,CUST-009,AGT-002,CAT-012,P3,Resolved,SSO authentication failure for project management tool,Receiving an SSO authentication error when attempting to access the corporate project management tool via the internal SSO portal. Error message states SAML assertion validation failed. All other SSO-enabled applications are working correctly. The issue affects multiple users.,The SAML signing certificate for the project management application integration had expired. New certificate generated and uploaded to the service provider. IdP metadata updated with the new certificate fingerprint. SSO login confirmed working for all affected users within 20 minutes.,24,2026-03-28T13:24:54,2026-03-29T04:21:47,,False,False,,
TKT-00044,2026-06-22T12:30:35,2026-06-23T07:44:46,CUST-008,AGT-011,CAT-008,P3,Pending Customer,Warehouse management system scan response degraded across all terminals,The warehouse management system is running extremely slowly across all scanning terminals in the facility. Individual scan operations are taking 8-10 seconds instead of the near-instant response expected. The slowdown is directly impacting dispatch targets and warehouse throughput.,,24,2026-06-22T13:50:37,,,True,False,,
TKT-00045,2026-05-14T11:07:47,2026-05-20T00:33:48,CUST-015,AGT-006,CAT-009,P3,Closed,Customer portal returning 503 Service Unavailable to all external users,All customers are receiving a 503 Service Unavailable error when attempting to log in to the self-service portal. The error has been occurring since approximately 2pm and is affecting every customer login attempt. Internal access to back-end systems is unaffected.,Load balancer health check was incorrectly flagging the primary web server as unhealthy after a configuration change earlier in the day. Health check thresholds corrected and the server re-added to the load balancer rotation. Portal access confirmed restored for all customers within 8 minutes.,24,2026-05-14T11:51:26,2026-05-15T02:54:09,2026-05-20T00:33:48,False,False,,4
TKT-00046,2026-05-07T11:23:11,2026-05-08T00:35:21,CUST-004,AGT-007,CAT-009,P4,Resolved,Finance application crashes when generating month-end reports,The finance application is crashing with an unhandled exception error whenever users attempt to generate month-end summary reports. The error log shows System.OutOfMemoryException in the report_generator.dll module. This is blocking the monthly close process and the finance team cannot complete period-end activities.,"Application vendor confirmed a memory leak introduced in version 4.2.1 affecting report generation for datasets exceeding 500,000 rows. Patch 4.2.1-HF2 applied to the production environment. Month-end reports now generating successfully.",72,2026-05-07T13:32:22,2026-05-08T00:28:49,,False,False,,
TKT-00047,2026-06-15T10:18:30,2026-06-16T10:34:05,CUST-005,AGT-008,CAT-009,P3,In Progress,Payroll export failing validation — preventing weekly submission,The weekly payroll export to the payroll provider is failing at the validation step before transmission. The error message references an invalid format in the tax file number field for three specific employee records. The payroll export has not been submitted successfully this week and payroll processing is at risk.,,24,2026-06-15T11:23:46,,,True,False,,
TKT-00048,2026-06-16T10:31:04,2026-06-17T21:33:03,CUST-016,AGT-011,CAT-008,P2,Closed,CRM application load times increased from 3 seconds to over 45 seconds,"The CRM system is taking between 45 and 60 seconds to load individual customer records, compared to the usual 3-5 seconds. The slowdown started this morning and is affecting the entire sales team simultaneously. Report generation is also timing out before completing.",Database query analysis revealed a missing index on the customer_interactions table following a schema migration deployed overnight. Index created and query plan cache flushed. CRM load times confirmed back to the 3-5 second range within 20 minutes of the fix.,8,2026-06-16T11:03:28,2026-06-16T17:01:58,2026-06-17T21:33:03,False,False,,4
TKT-00049,2026-02-06T10:28:58,2026-02-10T05:18:57,CUST-014,AGT-004,CAT-011,P3,Closed,Contractor requires VPN and development environment access for 3-month engagement,A contractor joining on Monday is beginning a 3-month engagement and requires VPN access and credentials for the development environment. Network access should be restricted to the development VLAN only. Project lead approval is attached.,VPN account created and MFA enrolment completed with the contractor. Access profile restricted to the dev-VLAN subnet 10.20.0.0/24. Development environment credentials issued via the secure credential store. Account expiry set to the contract end date. Contractor confirmed successful connection.,24,2026-02-06T13:04:38,2026-02-06T19:12:47,2026-02-10T05:18:57,False,False,,4
TKT-00050,2026-06-25T13:05:10,2026-06-25T18:32:37,CUST-007,AGT-002,CAT-012,P3,In Progress,MFA authenticator app inaccessible after phone replacement,Mobile phone was replaced and the Microsoft Authenticator app data was not transferred to the new device. MFA challenges cannot be completed and login to all corporate systems is blocked. Old phone is available but the SIM card has been transferred to the new device.,,24,2026-06-25T14:47:12,,,True,False,,
TKT-00051,2026-06-22T10:55:29,2026-06-26T15:08:38,CUST-020,AGT-005,CAT-009,P3,Closed,Customer portal returning 503 Service Unavailable to all external users,All customers are receiving a 503 Service Unavailable error when attempting to log in to the self-service portal. The error has been occurring since approximately 2pm and is affecting every customer login attempt. Internal access to back-end systems is unaffected.,Load balancer health check was incorrectly flagging the primary web server as unhealthy after a configuration change earlier in the day. Health check thresholds corrected and the server re-added to the load balancer rotation. Portal access confirmed restored for all customers within 8 minutes.,24,2026-06-22T13:42:14,2026-06-23T01:01:32,2026-06-26T15:08:38,False,False,,5
TKT-00052,2026-06-01T12:17:52,2026-06-06T08:19:06,CUST-018,AGT-006,CAT-010,P3,Closed,Daily sales dashboard showing yesterday's data — not refreshed,The daily sales dashboard in the BI platform has not refreshed this morning and is still displaying data from yesterday. The dashboard is used by the sales leadership team during the morning stand-up and the stale data is causing confusion around actual performance figures.,"The scheduled refresh job failed silently after the overnight data warehouse maintenance window overran by 40 minutes, causing the job OAuth connection token to expire mid-run. Token refreshed, job re-triggered manually, and the schedule adjusted to start 2 hours after the maintenance window end time.",24,2026-06-01T12:34:14,2026-06-02T01:53:40,2026-06-06T08:19:06,False,False,,5
TKT-00053,2026-02-23T13:31:28,2026-02-23T23:02:24,CUST-015,AGT-005,CAT-010,P3,Resolved,Forecast report calculating negative inventory values,The weekly inventory forecast report is producing negative stock-on-hand values for 14 product lines. Negative inventory is not operationally possible and the figures are being queried by the operations team. The report was running correctly until last week.,A recent data load had introduced duplicate records in the inventory adjustment staging table due to a broken deduplication step in the ETL pipeline. Duplicate records removed and ETL deduplication step restored. Historical data for the affected period corrected. Report re-run and all inventory values confirmed non-negative.,24,2026-02-23T13:44:24,2026-02-23T22:32:22,,False,False,,
TKT-00054,2026-06-30T09:48:43,2026-07-01T04:10:44,CUST-019,AGT-010,CAT-007,P3,In Progress,Entire office network down — internet and internal access lost,"Complete network outage affecting the entire Melbourne office. No internet access, no access to internal systems, and VoIP phones are also offline. Outage began at approximately 7:45am. All staff on site are impacted.",,24,2026-06-30T10:01:43,,,True,False,,
TKT-00055,2026-05-27T07:31:05,2026-05-29T11:40:20,CUST-015,AGT-008,CAT-010,P4,Closed,Customer data export producing duplicate records for multi-contract customers,The weekly customer data extract sent to the marketing platform is producing duplicate customer records. The issue appears to affect only customers with more than one active contract. The marketing operations team has paused campaign sends pending resolution to avoid duplicate outreach.,"The deduplication logic in the export query was joining on customer_id without filtering to the primary contract record, producing one row per contract. Added a filter on contract_rank = 1 using the existing contract priority field. Test export confirmed zero duplicates. Marketing team notified and campaign sends resumed.",72,2026-05-27T08:48:08,2026-05-27T23:35:23,2026-05-29T11:40:20,False,False,,4
TKT-00056,2026-06-29T08:29:05,2026-06-29T09:27:26,CUST-013,AGT-007,CAT-010,P4,Open,Daily sales dashboard showing yesterday's data — not refreshed,The daily sales dashboard in the BI platform has not refreshed this morning and is still displaying data from yesterday. The dashboard is used by the sales leadership team during the morning stand-up and the stale data is causing confusion around actual performance figures.,,72,,,,False,False,,
TKT-00057,2026-06-30T12:03:12,2026-07-01T05:21:24,CUST-017,AGT-007,CAT-009,P4,Pending Customer,Document management system not indexing new uploads,Files uploaded to the document management system over the past 48 hours are not appearing in search results. The uploads themselves complete without error but the search index is not being updated. All documents uploaded prior to the issue remain searchable.,,72,2026-06-30T14:20:49,,,False,False,,
TKT-00058,2026-06-28T08:18:28,2026-06-29T03:40:30,CUST-007,AGT-004,CAT-012,P2,In Progress,Account locked out after return from leave — urgent client call in 45 minutes,"Account locked out after multiple failed login attempts on returning from annual leave. Unable to access email, VPN, or any corporate systems. A client call is scheduled in 45 minutes that requires access to CRM and the shared presentation drive. Urgent assistance needed.",,8,2026-06-28T08:29:29,,,True,False,,
TKT-00059,2026-03-22T16:58:07,2026-03-23T12:49:15,CUST-010,AGT-004,CAT-012,P3,Resolved,Account locked out after return from leave — urgent client call in 45 minutes,"Account locked out after multiple failed login attempts on returning from annual leave. Unable to access email, VPN, or any corporate systems. A client call is scheduled in 45 minutes that requires access to CRM and the shared presentation drive. Urgent assistance needed.",Identity verified via security questions and confirmed with line manager by phone. Account unlocked and temporary password issued via secure channel. MFA re-enrolled on the user device. Access to all required systems confirmed. User able to attend client call without disruption.,24,2026-03-22T18:56:49,2026-03-23T12:14:13,,False,False,,
TKT-00060,2026-06-10T14:15:29,2026-06-11T05:17:45,CUST-014,AGT-002,CAT-012,P4,In Progress,SSO authentication failure for project management tool,Receiving an SSO authentication error when attempting to access the corporate project management tool via the internal SSO portal. Error message states SAML assertion validation failed. All other SSO-enabled applications are working correctly. The issue affects multiple users.,,72,2026-06-10T14:54:38,,,True,False,,
TKT-00061,2026-06-30T11:59:50,2026-06-30T12:44:45,CUST-005,AGT-001,CAT-012,P4,Open,Self-service password reset email not received after address change,A password reset was initiated via the self-service portal but the verification email has not been received after 30 minutes. Spam and junk folders have been checked. Note that the account email address was updated last month when moving to a new personal address.,,72,,,,False,False,,
TKT-00062,2026-06-20T07:09:28,2026-06-21T02:31:50,CUST-019,AGT-008,CAT-013,P4,In Progress,Shared customer service mailbox inaccessible to new team member,A new customer service team member is unable to open the shared team mailbox from their Outlook client. The mailbox appears correctly in the address book but attempting to open it returns a permissions error. Other team members can access the mailbox without issue.,,72,2026-06-20T08:13:18,,,True,False,,
TKT-00063,2026-06-17T10:54:49,2026-06-17T23:17:15,CUST-011,AGT-008,CAT-009,P4,Pending Customer,Finance application crashes when generating month-end reports,The finance application is crashing with an unhandled exception error whenever users attempt to generate month-end summary reports. The error log shows System.OutOfMemoryException in the report_generator.dll module. This is blocking the monthly close process and the finance team cannot complete period-end activities.,,72,2026-06-17T11:56:10,,,True,False,,
TKT-00064,2026-03-01T12:52:41,2026-03-07T04:09:54,CUST-013,AGT-002,CAT-014,P3,Closed,New starter requires security clearance badge and building access,A new team member starting next week requires a building access badge for the main office and the secure data centre floor. Security clearance documentation has been submitted to HR. Badge should be ready for collection from reception on the first morning.,"Building access badge created and programmed with access to the main office floors. Data centre floor access requires secondary approval from the Head of Infrastructure, which has been requested. Badge for main office available at reception from Monday morning.",24,2026-03-01T15:46:33,2026-03-04T22:57:56,2026-03-07T04:09:54,True,False,,1
TKT-00065,2026-06-21T10:41:09,2026-06-21T19:24:46,CUST-004,AGT-005,CAT-013,P3,In Progress,Email signature rendering incorrectly on iOS devices,The corporate email signature is displaying correctly in Outlook on desktop and web but is rendering incorrectly on the iPhone Mail app. Embedded images are not displaying and the HTML formatting is broken. This is presenting unprofessionally to clients who receive replies from mobile.,,24,2026-06-21T13:03:08,,,True,False,,
TKT-00066,2026-01-27T07:54:43,2026-01-30T21:48:39,CUST-013,AGT-004,CAT-012,P3,Closed,Self-service password reset email not received after address change,A password reset was initiated via the self-service portal but the verification email has not been received after 30 minutes. Spam and junk folders have been checked. Note that the account email address was updated last month when moving to a new personal address.,Password reset emails were being directed to the previous email address still registered on the account. Account profile corrected with the current email address. Verification email resent and password reset completed. User reminded to verify profile details after future changes.,24,2026-01-27T09:49:46,2026-01-27T19:42:34,2026-01-30T21:48:39,False,False,,4
TKT-00067,2026-02-15T09:40:45,2026-02-15T22:35:12,CUST-010,AGT-009,CAT-008,P4,Resolved,File server access degraded during business hours across all locations,"Users across all office locations are experiencing slow file server access, particularly when opening or saving Microsoft Office documents on the shared drives. The problem appears only during business hours. Out-of-hours testing shows normal performance.",Two automated backup jobs had been inadvertently rescheduled to run during business hours and were consuming up to 800Mbps of file server link bandwidth. Both jobs rescheduled to run between 11pm and 4am. File server performance confirmed normal the following business day.,72,2026-02-15T10:15:41,2026-02-15T21:56:17,,False,False,,
TKT-00068,2026-06-04T10:33:26,2026-06-07T16:40:01,CUST-012,AGT-011,CAT-006,P3,Resolved,Keyboard unresponsive — multiple keys affected,"Several keys on the laptop keyboard are unresponsive or require excessive force to register a keypress. Affected keys include E, R, and the spacebar. The issue has worsened progressively over the past two weeks and is significantly impacting data entry tasks.",Hardware inspection confirmed physical damage to the keyboard membrane. Replacement keyboard unit sourced and installed. All keys confirmed functional following replacement.,24,2026-06-04T11:09:00,2026-06-07T15:25:39,,True,False,,
TKT-00069,2026-04-06T10:00:57,2026-04-09T10:18:00,CUST-019,AGT-010,CAT-008,P2,Closed,Warehouse management system scan response degraded across all terminals,The warehouse management system is running extremely slowly across all scanning terminals in the facility. Individual scan operations are taking 8-10 seconds instead of the near-instant response expected. The slowdown is directly impacting dispatch targets and warehouse throughput.,"Application server diagnostic revealed a log file that had grown to 180GB on the primary data volume, causing severe disk I/O contention. Log file archived to secondary storage and disk space cleared. WMS response times returned to normal within minutes. Log rotation policy applied.",8,2026-04-06T12:04:51,2026-04-07T03:44:37,2026-04-09T10:18:00,True,False,,3
TKT-00070,2026-05-06T12:24:54,2026-05-07T03:39:26,CUST-009,AGT-008,CAT-010,P3,Resolved,Daily sales dashboard showing yesterday's data — not refreshed,The daily sales dashboard in the BI platform has not refreshed this morning and is still displaying data from yesterday. The dashboard is used by the sales leadership team during the morning stand-up and the stale data is causing confusion around actual performance figures.,"The scheduled refresh job failed silently after the overnight data warehouse maintenance window overran by 40 minutes, causing the job OAuth connection token to expire mid-run. Token refreshed, job re-triggered manually, and the schedule adjusted to start 2 hours after the maintenance window end time.",24,2026-05-06T13:12:10,2026-05-07T01:40:18,,False,False,,
TKT-00071,2026-06-19T08:03:58,2026-06-19T15:56:18,CUST-013,AGT-008,CAT-009,P3,In Progress,CRM email integration not saving attachments to customer records,Inbound emails received on the shared CRM mailbox are being correctly logged as interactions but attachments are not being saved to the associated customer records. Issue began after the CRM upgrade deployed last Tuesday. Emails without attachments are processing correctly.,,24,2026-06-19T10:24:56,,,True,False,,
TKT-00072,2026-03-09T07:43:48,2026-03-12T08:36:08,CUST-008,AGT-006,CAT-013,P3,Closed,Inbound emails from supplier domain not being received,Emails from the organisation primary supplier are not arriving in any recipient inbox. The supplier has confirmed the emails are being sent and no bounce notifications are being returned. The issue has been occurring for approximately two days. All other external email traffic is operating normally.,The sending domain had recently migrated to new mail server IP addresses which were listed on the Spamhaus blocklist. A temporary bypass whitelist entry applied for the supplier domain to immediately restore mail flow. Delisting request submitted to Spamhaus.,24,2026-03-09T10:26:59,2026-03-09T16:31:12,2026-03-12T08:36:08,False,False,,4
TKT-00073,2026-06-26T09:50:34,2026-06-26T17:56:19,CUST-003,AGT-003,CAT-012,P4,Pending Customer,MFA prompt looping — cannot complete login despite correct credentials,"Correct credentials entered at login prompt but the MFA challenge loop repeats indefinitely without granting access. The Microsoft Authenticator app is showing and approving the prompts, but the system continues to re-challenge. Issue began this morning after a browser update.",,72,2026-06-26T11:23:52,,,True,False,,
TKT-00074,2026-06-30T11:55:21,2026-06-30T12:08:05,CUST-016,AGT-010,CAT-007,P4,Open,VPN connection dropping every 30 minutes,"VPN connection is dropping approximately every 30 minutes and requires manual reconnection each time. The issue is causing significant disruption during remote work, particularly during active video calls and while accessing cloud-based business systems. Issue started this morning with no changes made on the user end.",,72,,,,False,False,,
TKT-00075,2026-06-14T07:00:16,2026-06-15T02:08:58,CUST-013,AGT-001,CAT-015,P4,In Progress,Request for second monitor for home office setup,Working remotely three days per week and would like to request a second external monitor for the home office setup. Line manager has provided verbal approval. Requesting information on the available options and the process for requesting peripherals for remote work.,,72,2026-06-14T08:10:24,,,True,False,,
TKT-00076,2026-01-11T13:06:43,2026-01-17T19:43:56,CUST-013,AGT-009,CAT-008,P4,Closed,File server access degraded during business hours across all locations,"Users across all office locations are experiencing slow file server access, particularly when opening or saving Microsoft Office documents on the shared drives. The problem appears only during business hours. Out-of-hours testing shows normal performance.",Two automated backup jobs had been inadvertently rescheduled to run during business hours and were consuming up to 800Mbps of file server link bandwidth. Both jobs rescheduled to run between 11pm and 4am. File server performance confirmed normal the following business day.,72,2026-01-11T13:17:04,2026-01-13T04:12:24,2026-01-17T19:43:56,False,False,,4
TKT-00077,2026-05-05T09:02:19,2026-05-08T20:02:25,CUST-015,AGT-010,CAT-006,P4,Closed,Laptop display flickering intermittently,Laptop screen has been flickering randomly throughout the day. The issue began after a recent Windows update and is affecting productivity significantly. Flickering occurs every 5-10 minutes and sometimes the screen goes completely black for a few seconds before recovering.,Rolled back the display driver to the previous stable version and updated BIOS firmware. Screen flickering resolved. Advised user to monitor for 48 hours and raise a new ticket if the issue recurs.,72,2026-05-05T09:25:13,2026-05-06T02:40:33,2026-05-08T20:02:25,False,False,,5
TKT-00078,2026-06-15T11:09:56,2026-06-16T04:27:32,CUST-018,AGT-004,CAT-012,P3,In Progress,Account locked out after return from leave — urgent client call in 45 minutes,"Account locked out after multiple failed login attempts on returning from annual leave. Unable to access email, VPN, or any corporate systems. A client call is scheduled in 45 minutes that requires access to CRM and the shared presentation drive. Urgent assistance needed.",,24,2026-06-15T13:40:59,,,True,False,,
TKT-00079,2026-04-23T07:54:23,2026-04-25T20:31:20,CUST-009,AGT-001,CAT-014,P1,Closed,Accounts not provisioned two days after start date,"Two days into a new role and access to core business systems has not been provisioned. Email is working but the ERP system, BI platform, and internal project portal are all inaccessible. Inability to access these systems is preventing meaningful contribution to the team.","Identified that the onboarding request form had been submitted without the required role selection step completed, causing automated provisioning to hold pending clarification. Role requirements confirmed with the line manager. ERP, BI platform, and project portal access provisioned and confirmed working.",2,2026-04-23T08:23:15,2026-04-23T08:42:30,2026-04-25T20:31:20,False,False,,3
TKT-00080,2026-05-23T12:40:38,2026-05-23T15:42:41,CUST-015,AGT-005,CAT-013,P2,Resolved,Inbound emails from supplier domain not being received,Emails from the organisation primary supplier are not arriving in any recipient inbox. The supplier has confirmed the emails are being sent and no bounce notifications are being returned. The issue has been occurring for approximately two days. All other external email traffic is operating normally.,The sending domain had recently migrated to new mail server IP addresses which were listed on the Spamhaus blocklist. A temporary bypass whitelist entry applied for the supplier domain to immediately restore mail flow. Delisting request submitted to Spamhaus.,8,2026-05-23T15:03:32,2026-05-23T14:34:56,,False,False,,
TKT-00081,2026-05-20T12:09:50,2026-05-24T10:22:33,CUST-018,AGT-011,CAT-007,P3,Closed,VPN connection dropping every 30 minutes,"VPN connection is dropping approximately every 30 minutes and requires manual reconnection each time. The issue is causing significant disruption during remote work, particularly during active video calls and while accessing cloud-based business systems. Issue started this morning with no changes made on the user end.",Identified an MTU mismatch between the VPN client configuration and the gateway setting. Updated the MTU value on the affected client profiles from 1500 to 1400. VPN sessions have remained stable through a 4-hour monitoring period post-fix.,24,2026-05-20T13:04:04,2026-05-21T08:21:15,2026-05-24T10:22:33,False,False,,5
TKT-00082,2026-04-25T08:50:15,2026-04-28T00:50:36,CUST-001,AGT-011,CAT-007,P2,Closed,Intermittent Wi-Fi drops in Level 2 meeting rooms during peak hours,Multiple users and teams are experiencing intermittent Wi-Fi disconnections in Level 2 meeting rooms MR-201 through MR-205. The issue is most severe between 9am and 12pm and appears to correlate directly with room occupancy. Client-facing meetings are being disrupted.,Access point AP-L2-04 was operating at 100% channel utilisation during peak hours. Deployed a second access point for load balancing and adjusted channel allocation across the floor to minimise co-channel interference. Connection stability confirmed via monitoring over the following two business days.,8,2026-04-25T08:58:59,2026-04-25T10:44:50,2026-04-28T00:50:36,False,False,,3
TKT-00083,2026-03-28T12:39:02,2026-04-03T00:52:45,CUST-015,AGT-011,CAT-006,P4,Closed,Level 3 shared printer offline — not processing print jobs,The shared network printer on Level 3 has gone offline and is not processing any queued print jobs. The printer display shows no error messages but the network activity LED is not lit. Approximately 20 users on the floor are affected.,Printer had lost its DHCP-assigned IP address following a network switch reboot. Assigned a static IP reservation and updated the printer network configuration. Print queue cleared and printing confirmed operational for all affected users.,72,2026-03-28T13:37:31,2026-03-29T01:01:13,2026-04-03T00:52:45,False,False,,5
TKT-00084,2026-01-16T12:04:57,2026-01-21T19:22:15,CUST-004,AGT-005,CAT-010,P3,Closed,Customer data export producing duplicate records for multi-contract customers,The weekly customer data extract sent to the marketing platform is producing duplicate customer records. The issue appears to affect only customers with more than one active contract. The marketing operations team has paused campaign sends pending resolution to avoid duplicate outreach.,"The deduplication logic in the export query was joining on customer_id without filtering to the primary contract record, producing one row per contract. Added a filter on contract_rank = 1 using the existing contract priority field. Test export confirmed zero duplicates. Marketing team notified and campaign sends resumed.",24,2026-01-16T13:56:47,2026-01-18T08:03:48,2026-01-21T19:22:15,True,False,,3
TKT-00085,2026-04-09T09:44:07,2026-04-11T10:09:04,CUST-020,AGT-006,CAT-009,P3,Resolved,Payroll export failing validation — preventing weekly submission,The weekly payroll export to the payroll provider is failing at the validation step before transmission. The error message references an invalid format in the tax file number field for three specific employee records. The payroll export has not been submitted successfully this week and payroll processing is at risk.,Three employee records had tax file number fields containing leading spaces introduced during a bulk data import. Records corrected directly in the database after confirming with HR. Re-ran the export validation. Export completed successfully and transmitted to the payroll provider.,24,2026-04-09T11:08:41,2026-04-11T09:14:39,,True,False,,
TKT-00086,2026-05-03T09:16:23,2026-05-04T16:39:05,CUST-004,AGT-006,CAT-010,P2,Closed,Power BI report failing to refresh — on-premises gateway timeout,The Power BI report used for weekly operations review is failing with a gateway timeout error during the scheduled 6am refresh. The report was last refreshing successfully three days ago. No changes have been made to the report definition or the underlying data source connection.,The on-premises data gateway Windows service had stopped unexpectedly following an automated Windows Update reboot over the weekend. Service restarted and configured for automatic start on boot. Power BI refresh confirmed successful. Gateway health monitoring alert added.,8,2026-05-03T09:34:03,2026-05-03T10:59:42,2026-05-04T16:39:05,False,False,,5
TKT-00087,2026-01-08T07:26:22,2026-01-11T16:24:01,CUST-018,AGT-008,CAT-013,P2,Closed,Inbound emails from supplier domain not being received,Emails from the organisation primary supplier are not arriving in any recipient inbox. The supplier has confirmed the emails are being sent and no bounce notifications are being returned. The issue has been occurring for approximately two days. All other external email traffic is operating normally.,The sending domain had recently migrated to new mail server IP addresses which were listed on the Spamhaus blocklist. A temporary bypass whitelist entry applied for the supplier domain to immediately restore mail flow. Delisting request submitted to Spamhaus.,8,2026-01-08T10:20:52,2026-01-08T10:36:31,2026-01-11T16:24:01,False,False,,3
TKT-00088,2026-06-23T09:35:23,2026-06-24T06:43:40,CUST-008,AGT-001,CAT-012,P4,In Progress,Self-service password reset email not received after address change,A password reset was initiated via the self-service portal but the verification email has not been received after 30 minutes. Spam and junk folders have been checked. Note that the account email address was updated last month when moving to a new personal address.,,72,2026-06-23T11:21:16,,,True,False,,
TKT-00089,2026-03-06T16:53:44,2026-03-07T02:21:58,CUST-020,AGT-007,CAT-013,P3,Resolved,Inbound emails from supplier domain not being received,Emails from the organisation primary supplier are not arriving in any recipient inbox. The supplier has confirmed the emails are being sent and no bounce notifications are being returned. The issue has been occurring for approximately two days. All other external email traffic is operating normally.,The sending domain had recently migrated to new mail server IP addresses which were listed on the Spamhaus blocklist. A temporary bypass whitelist entry applied for the supplier domain to immediately restore mail flow. Delisting request submitted to Spamhaus.,24,2026-03-06T17:31:07,2026-03-07T01:41:11,,False,False,,
TKT-00090,2026-04-17T11:09:47,2026-04-20T14:26:51,CUST-005,AGT-011,CAT-006,P3,Closed,Laptop display flickering intermittently,Laptop screen has been flickering randomly throughout the day. The issue began after a recent Windows update and is affecting productivity significantly. Flickering occurs every 5-10 minutes and sometimes the screen goes completely black for a few seconds before recovering.,Rolled back the display driver to the previous stable version and updated BIOS firmware. Screen flickering resolved. Advised user to monitor for 48 hours and raise a new ticket if the issue recurs.,24,2026-04-17T11:31:44,2026-04-17T21:04:59,2026-04-20T14:26:51,False,False,,3
TKT-00091,2026-03-18T11:10:48,2026-03-22T14:39:42,CUST-011,AGT-005,CAT-009,P4,Closed,Finance application crashes when generating month-end reports,The finance application is crashing with an unhandled exception error whenever users attempt to generate month-end summary reports. The error log shows System.OutOfMemoryException in the report_generator.dll module. This is blocking the monthly close process and the finance team cannot complete period-end activities.,"Application vendor confirmed a memory leak introduced in version 4.2.1 affecting report generation for datasets exceeding 500,000 rows. Patch 4.2.1-HF2 applied to the production environment. Month-end reports now generating successfully.",72,2026-03-18T12:04:08,2026-03-19T22:27:26,2026-03-22T14:39:42,False,False,,4
TKT-00092,2026-06-10T10:43:43,2026-06-11T03:37:00,CUST-004,AGT-004,CAT-012,P2,Resolved,MFA prompt looping — cannot complete login despite correct credentials,"Correct credentials entered at login prompt but the MFA challenge loop repeats indefinitely without granting access. The Microsoft Authenticator app is showing and approving the prompts, but the system continues to re-challenge. Issue began this morning after a browser update.",Browser cookie store contained a corrupted session token from a previous failed authentication attempt. Clearing browser cookies and cache resolved the issue. Login completed successfully on the first attempt post-clear. IT communications issued to other potentially affected users.,8,2026-06-10T12:45:47,2026-06-11T03:36:05,,True,False,,
TKT-00093,2026-06-15T10:31:47,2026-06-15T23:47:10,CUST-007,AGT-008,CAT-009,P4,In Progress,Customer portal returning 503 Service Unavailable to all external users,All customers are receiving a 503 Service Unavailable error when attempting to log in to the self-service portal. The error has been occurring since approximately 2pm and is affecting every customer login attempt. Internal access to back-end systems is unaffected.,,72,2026-06-15T11:00:15,,,True,False,,
TKT-00094,2026-02-04T11:04:25,2026-02-05T02:25:26,CUST-018,AGT-011,CAT-008,P4,Resolved,CRM application load times increased from 3 seconds to over 45 seconds,"The CRM system is taking between 45 and 60 seconds to load individual customer records, compared to the usual 3-5 seconds. The slowdown started this morning and is affecting the entire sales team simultaneously. Report generation is also timing out before completing.",Database query analysis revealed a missing index on the customer_interactions table following a schema migration deployed overnight. Index created and query plan cache flushed. CRM load times confirmed back to the 3-5 second range within 20 minutes of the fix.,72,2026-02-04T12:26:19,2026-02-05T01:47:52,,False,False,,
TKT-00095,2026-06-22T10:20:10,2026-06-23T06:57:33,CUST-013,AGT-008,CAT-010,P4,In Progress,Customer data export producing duplicate records for multi-contract customers,The weekly customer data extract sent to the marketing platform is producing duplicate customer records. The issue appears to affect only customers with more than one active contract. The marketing operations team has paused campaign sends pending resolution to avoid duplicate outreach.,,72,2026-06-22T10:41:30,,,True,False,,
TKT-00096,2026-06-16T10:55:19,2026-06-16T17:04:17,CUST-019,AGT-011,CAT-008,P3,Resolved,Warehouse management system scan response degraded across all terminals,The warehouse management system is running extremely slowly across all scanning terminals in the facility. Individual scan operations are taking 8-10 seconds instead of the near-instant response expected. The slowdown is directly impacting dispatch targets and warehouse throughput.,"Application server diagnostic revealed a log file that had grown to 180GB on the primary data volume, causing severe disk I/O contention. Log file archived to secondary storage and disk space cleared. WMS response times returned to normal within minutes. Log rotation policy applied.",24,2026-06-16T11:39:52,2026-06-16T15:48:18,,False,False,,
TKT-00097,2026-04-28T09:52:09,2026-04-30T04:33:01,CUST-007,AGT-002,CAT-011,P4,Resolved,New finance team member requires ERP access before Monday start date,A new team member joining the finance department on Monday requires access to the accounts payable and general ledger modules in the ERP system. Manager approval has been provided via email and is attached. Access must be provisioned and tested before their first day.,ERP roles Finance_AP_User and Finance_GL_ReadOnly provisioned and linked to the new user account. Access tested in the staging environment and confirmed working. User account active from Monday 8am. Onboarding guide sent to the new starter personal email.,72,2026-04-28T10:23:37,2026-04-30T03:01:48,,False,False,,
TKT-00098,2026-06-18T07:29:48,2026-06-19T09:08:17,CUST-006,AGT-004,CAT-012,P4,In Progress,MFA prompt looping — cannot complete login despite correct credentials,"Correct credentials entered at login prompt but the MFA challenge loop repeats indefinitely without granting access. The Microsoft Authenticator app is showing and approving the prompts, but the system continues to re-challenge. Issue began this morning after a browser update.",,72,2026-06-18T09:27:40,,,True,False,,
TKT-00099,2026-06-16T08:17:37,2026-06-17T13:42:48,CUST-011,AGT-005,CAT-009,P2,Closed,CRM email integration not saving attachments to customer records,Inbound emails received on the shared CRM mailbox are being correctly logged as interactions but attachments are not being saved to the associated customer records. Issue began after the CRM upgrade deployed last Tuesday. Emails without attachments are processing correctly.,Vendor confirmed a defect in the CRM 5.1.0 email integration module where file attachments exceeding 2MB in size are silently dropped during processing. Hotfix 5.1.0-P3 deployed to production. Attachment processing confirmed working for all tested file sizes.,8,2026-06-16T09:51:53,2026-06-16T12:01:27,2026-06-17T13:42:48,False,False,,5
TKT-00100,2026-06-29T11:29:37,2026-06-29T11:59:21,CUST-003,AGT-011,CAT-007,P3,Open,VPN connection dropping every 30 minutes,"VPN connection is dropping approximately every 30 minutes and requires manual reconnection each time. The issue is causing significant disruption during remote work, particularly during active video calls and while accessing cloud-based business systems. Issue started this morning with no changes made on the user end.",,24,,,,True,False,,
TKT-00101,2026-04-04T11:06:51,2026-04-07T10:39:07,CUST-007,AGT-007,CAT-013,P3,Closed,Inbound emails from supplier domain not being received,Emails from the organisation primary supplier are not arriving in any recipient inbox. The supplier has confirmed the emails are being sent and no bounce notifications are being returned. The issue has been occurring for approximately two days. All other external email traffic is operating normally.,The sending domain had recently migrated to new mail server IP addresses which were listed on the Spamhaus blocklist. A temporary bypass whitelist entry applied for the supplier domain to immediately restore mail flow. Delisting request submitted to Spamhaus.,24,2026-04-04T12:40:38,2026-04-04T18:52:34,2026-04-07T10:39:07,False,False,,4
TKT-00102,2026-06-18T11:24:26,2026-06-19T02:48:01,CUST-006,AGT-003,CAT-011,P3,Pending Customer,User requires read-only database access for audit review,The internal audit team requires temporary read-only access to the production database for a scheduled compliance review. Access is required for two auditors for 10 business days. CISO approval is attached. Access should be automatically removed at the end of the review period.,,24,2026-06-18T11:39:32,,,True,False,,
TKT-00103,2026-02-27T09:42:58,2026-02-27T16:40:13,CUST-011,AGT-006,CAT-009,P2,Resolved,CRM email integration not saving attachments to customer records,Inbound emails received on the shared CRM mailbox are being correctly logged as interactions but attachments are not being saved to the associated customer records. Issue began after the CRM upgrade deployed last Tuesday. Emails without attachments are processing correctly.,Vendor confirmed a defect in the CRM 5.1.0 email integration module where file attachments exceeding 2MB in size are silently dropped during processing. Hotfix 5.1.0-P3 deployed to production. Attachment processing confirmed working for all tested file sizes.,8,2026-02-27T10:03:08,2026-02-27T16:02:59,,False,False,,
TKT-00104,2026-06-16T14:05:19,2026-06-17T12:26:30,CUST-013,AGT-004,CAT-012,P2,In Progress,Self-service password reset email not received after address change,A password reset was initiated via the self-service portal but the verification email has not been received after 30 minutes. Spam and junk folders have been checked. Note that the account email address was updated last month when moving to a new personal address.,,8,2026-06-16T16:32:48,,,True,False,,
TKT-00105,2026-03-01T10:19:11,2026-03-01T13:03:48,CUST-017,AGT-002,CAT-012,P2,Resolved,Self-service password reset email not received after address change,A password reset was initiated via the self-service portal but the verification email has not been received after 30 minutes. Spam and junk folders have been checked. Note that the account email address was updated last month when moving to a new personal address.,Password reset emails were being directed to the previous email address still registered on the account. Account profile corrected with the current email address. Verification email resent and password reset completed. User reminded to verify profile details after future changes.,8,2026-03-01T13:10:04,2026-03-01T12:47:18,,False,False,,
TKT-00106,2026-06-29T10:47:56,2026-06-29T11:41:08,CUST-004,AGT-011,CAT-007,P3,Open,Intermittent Wi-Fi drops in Level 2 meeting rooms during peak hours,Multiple users and teams are experiencing intermittent Wi-Fi disconnections in Level 2 meeting rooms MR-201 through MR-205. The issue is most severe between 9am and 12pm and appears to correlate directly with room occupancy. Client-facing meetings are being disrupted.,,24,,,,True,False,,
TKT-00107,2026-05-30T12:51:57,2026-06-05T01:30:49,CUST-020,AGT-002,CAT-012,P3,Closed,SSO authentication failure for project management tool,Receiving an SSO authentication error when attempting to access the corporate project management tool via the internal SSO portal. Error message states SAML assertion validation failed. All other SSO-enabled applications are working correctly. The issue affects multiple users.,The SAML signing certificate for the project management application integration had expired. New certificate generated and uploaded to the service provider. IdP metadata updated with the new certificate fingerprint. SSO login confirmed working for all affected users within 20 minutes.,24,2026-05-30T13:05:33,2026-05-31T04:33:17,2026-06-05T01:30:49,False,False,,4
TKT-00108,2026-06-26T07:51:50,2026-06-27T07:45:42,CUST-015,AGT-004,CAT-012,P3,In Progress,MFA authenticator app inaccessible after phone replacement,Mobile phone was replaced and the Microsoft Authenticator app data was not transferred to the new device. MFA challenges cannot be completed and login to all corporate systems is blocked. Old phone is available but the SIM card has been transferred to the new device.,,24,2026-06-26T09:01:50,,,True,False,,
TKT-00109,2026-02-09T07:10:52,2026-02-11T04:02:41,CUST-015,AGT-002,CAT-015,P4,Resolved,How to configure VPN on a personal device for international travel,Travelling internationally next month for a conference and would like to configure VPN access on a personal laptop as a backup in case the corporate device has issues. Unsure whether this is permitted under IT policy and how to proceed if it is.,Confirmed that personal device VPN access is permitted under the BYOD policy for employees with a signed BYOD agreement on file. User has a current signed agreement. VPN client installer link and configuration guide sent. User confirmed successful installation and VPN connection test.,72,2026-02-09T07:40:56,2026-02-11T02:17:47,,False,False,,
TKT-00110,2026-06-20T10:07:18,2026-06-21T08:44:24,CUST-004,AGT-001,CAT-011,P3,In Progress,Cannot access marketing shared drive after internal team transfer,"Following a transfer from the Operations team to Marketing, the shared marketing drive is no longer accessible. Access to the Operations shared drive has also been removed. Marketing shared drive access is required immediately to begin the new role.",,24,2026-06-20T11:00:45,,,True,False,,
TKT-00111,2026-01-16T12:59:01,2026-01-17T20:30:24,CUST-014,AGT-010,CAT-007,P2,Closed,VPN connection dropping every 30 minutes,"VPN connection is dropping approximately every 30 minutes and requires manual reconnection each time. The issue is causing significant disruption during remote work, particularly during active video calls and while accessing cloud-based business systems. Issue started this morning with no changes made on the user end.",Identified an MTU mismatch between the VPN client configuration and the gateway setting. Updated the MTU value on the affected client profiles from 1500 to 1400. VPN sessions have remained stable through a 4-hour monitoring period post-fix.,8,2026-01-16T14:13:59,2026-01-16T16:20:46,2026-01-17T20:30:24,False,False,,4
TKT-00112,2026-06-17T07:50:09,2026-06-18T04:40:55,CUST-004,AGT-006,CAT-009,P4,In Progress,Finance application crashes when generating month-end reports,The finance application is crashing with an unhandled exception error whenever users attempt to generate month-end summary reports. The error log shows System.OutOfMemoryException in the report_generator.dll module. This is blocking the monthly close process and the finance team cannot complete period-end activities.,,72,2026-06-17T08:46:04,,,True,False,,
TKT-00113,2026-06-30T07:01:16,2026-06-30T07:36:27,CUST-005,,CAT-012,P3,Open,MFA authenticator app inaccessible after phone replacement,Mobile phone was replaced and the Microsoft Authenticator app data was not transferred to the new device. MFA challenges cannot be completed and login to all corporate systems is blocked. Old phone is available but the SIM card has been transferred to the new device.,,24,,,,True,False,,
TKT-00114,2026-06-15T07:15:19,2026-06-15T23:22:53,CUST-017,AGT-001,CAT-012,P3,In Progress,Account locked out after return from leave — urgent client call in 45 minutes,"Account locked out after multiple failed login attempts on returning from annual leave. Unable to access email, VPN, or any corporate systems. A client call is scheduled in 45 minutes that requires access to CRM and the shared presentation drive. Urgent assistance needed.",,24,2026-06-15T08:02:48,,,True,False,,
TKT-00115,2026-06-28T10:32:36,2026-06-28T11:11:24,CUST-003,,CAT-012,P2,Open,MFA authenticator app inaccessible after phone replacement,Mobile phone was replaced and the Microsoft Authenticator app data was not transferred to the new device. MFA challenges cannot be completed and login to all corporate systems is blocked. Old phone is available but the SIM card has been transferred to the new device.,,8,,,,True,True,Business impact confirmed — production system down affecting multiple users,
TKT-00116,2026-06-29T10:33:23,2026-06-29T11:21:38,CUST-014,,CAT-008,P2,Open,Database query performance degraded after weekend maintenance,"Following the weekend maintenance window, database query performance has degraded significantly across multiple business applications. Queries that previously completed in under 1 second are now taking 15-30 seconds. Applications are displaying timeout errors to end users.",,8,,,,True,False,,
TKT-00117,2026-04-05T07:16:47,2026-04-09T10:01:07,CUST-001,AGT-001,CAT-011,P3,Closed,Contractor requires VPN and development environment access for 3-month engagement,A contractor joining on Monday is beginning a 3-month engagement and requires VPN access and credentials for the development environment. Network access should be restricted to the development VLAN only. Project lead approval is attached.,VPN account created and MFA enrolment completed with the contractor. Access profile restricted to the dev-VLAN subnet 10.20.0.0/24. Development environment credentials issued via the secure credential store. Account expiry set to the contract end date. Contractor confirmed successful connection.,24,2026-04-05T09:39:59,2026-04-05T23:11:35,2026-04-09T10:01:07,False,False,,5
TKT-00118,2026-04-26T07:21:52,2026-04-27T19:04:13,CUST-011,AGT-002,CAT-012,P2,Closed,SSO authentication failure for project management tool,Receiving an SSO authentication error when attempting to access the corporate project management tool via the internal SSO portal. Error message states SAML assertion validation failed. All other SSO-enabled applications are working correctly. The issue affects multiple users.,The SAML signing certificate for the project management application integration had expired. New certificate generated and uploaded to the service provider. IdP metadata updated with the new certificate fingerprint. SSO login confirmed working for all affected users within 20 minutes.,8,2026-04-26T10:18:31,2026-04-26T09:35:06,2026-04-27T19:04:13,False,False,,5
TKT-00119,2026-06-30T10:59:19,2026-06-30T16:24:34,CUST-002,AGT-004,CAT-014,P2,In Progress,New starter requires security clearance badge and building access,A new team member starting next week requires a building access badge for the main office and the secure data centre floor. Security clearance documentation has been submitted to HR. Badge should be ready for collection from reception on the first morning.,,8,2026-06-30T11:49:23,,,True,False,,
TKT-00120,2026-06-26T11:07:51,2026-06-27T07:38:59,CUST-002,AGT-007,CAT-009,P4,Pending Customer,Payroll export failing validation — preventing weekly submission,The weekly payroll export to the payroll provider is failing at the validation step before transmission. The error message references an invalid format in the tax file number field for three specific employee records. The payroll export has not been submitted successfully this week and payroll processing is at risk.,,72,2026-06-26T13:48:37,,,True,False,,
TKT-00121,2026-05-26T09:51:33,2026-06-02T06:08:55,CUST-013,AGT-003,CAT-014,P3,Closed,New starter laptop not delivered on first day,A new team member has started today but their laptop and standard equipment pack have not been delivered. They were expecting the equipment to be ready for their first day as per the onboarding confirmation. They cannot complete any digital work and are restricted to in-person induction sessions only.,Equipment pack was delayed in transit from the central warehouse. A spare configured laptop issued immediately to allow the new starter to begin productive work. Permanent equipment pack received and configured the following morning. Apology communicated to the new starter and their line manager.,24,2026-05-26T12:04:03,2026-05-28T23:54:52,2026-06-02T06:08:55,True,False,,3
TKT-00122,2026-06-24T08:28:38,2026-06-25T04:01:15,CUST-003,AGT-008,CAT-009,P2,In Progress,Customer portal returning 503 Service Unavailable to all external users,All customers are receiving a 503 Service Unavailable error when attempting to log in to the self-service portal. The error has been occurring since approximately 2pm and is affecting every customer login attempt. Internal access to back-end systems is unaffected.,,8,2026-06-24T10:34:39,,,True,True,Business impact confirmed — production system down affecting multiple users,
TKT-00123,2026-06-25T16:04:42,2026-06-26T11:39:49,CUST-020,AGT-004,CAT-014,P4,In Progress,Accounts not provisioned two days after start date,"Two days into a new role and access to core business systems has not been provisioned. Email is working but the ERP system, BI platform, and internal project portal are all inaccessible. Inability to access these systems is preventing meaningful contribution to the team.",,72,2026-06-25T17:39:58,,,True,False,,
TKT-00124,2026-03-12T09:50:28,2026-03-12T13:51:29,CUST-001,AGT-009,CAT-007,P2,Resolved,Unable to access internal SharePoint from the Sydney office network,All users on the Sydney office floor are unable to access the internal SharePoint site. The site is accessible from other office locations and via VPN when working remotely. Error message is ERR_CONNECTION_TIMED_OUT. Approximately 40 users are affected and cannot access shared documents.,Identified a misconfigured ACL rule on the core distribution switch blocking port 443 traffic originating from VLAN 20. Rule corrected and traffic flow restored. SharePoint access confirmed for all affected users within 10 minutes.,8,2026-03-12T10:08:09,2026-03-12T13:05:33,,False,False,,
TKT-00125,2026-06-24T08:04:36,2026-06-24T15:13:53,CUST-020,AGT-002,CAT-011,P2,Pending Customer,User requires read-only database access for audit review,The internal audit team requires temporary read-only access to the production database for a scheduled compliance review. Access is required for two auditors for 10 business days. CISO approval is attached. Access should be automatically removed at the end of the review period.,,8,2026-06-24T09:14:26,,,True,True,SLA breach threshold exceeded — escalated per priority handling procedure,
TKT-00126,2026-04-20T12:35:07,2026-04-24T19:51:46,CUST-006,AGT-010,CAT-007,P3,Closed,Intermittent Wi-Fi drops in Level 2 meeting rooms during peak hours,Multiple users and teams are experiencing intermittent Wi-Fi disconnections in Level 2 meeting rooms MR-201 through MR-205. The issue is most severe between 9am and 12pm and appears to correlate directly with room occupancy. Client-facing meetings are being disrupted.,Access point AP-L2-04 was operating at 100% channel utilisation during peak hours. Deployed a second access point for load balancing and adjusted channel allocation across the floor to minimise co-channel interference. Connection stability confirmed via monitoring over the following two business days.,24,2026-04-20T14:43:37,2026-04-21T02:27:53,2026-04-24T19:51:46,False,False,,5
TKT-00127,2026-04-08T12:05:51,2026-04-12T03:39:12,CUST-005,AGT-011,CAT-008,P4,Closed,Warehouse management system scan response degraded across all terminals,The warehouse management system is running extremely slowly across all scanning terminals in the facility. Individual scan operations are taking 8-10 seconds instead of the near-instant response expected. The slowdown is directly impacting dispatch targets and warehouse throughput.,"Application server diagnostic revealed a log file that had grown to 180GB on the primary data volume, causing severe disk I/O contention. Log file archived to secondary storage and disk space cleared. WMS response times returned to normal within minutes. Log rotation policy applied.",72,2026-04-08T14:08:03,2026-04-10T02:37:02,2026-04-12T03:39:12,False,False,,4
TKT-00128,2026-06-29T08:07:12,2026-06-29T08:13:38,CUST-006,AGT-009,CAT-007,P4,Open,New office site unable to reach head office file server,The newly onboarded Brisbane office site cannot reach the head office file server. Ping to the server IP times out from all Brisbane machines. General internet access is working. The site-to-site VPN shows as connected on both the Brisbane and head office firewall consoles.,,72,,,,False,False,,
TKT-00129,2026-01-03T14:04:19,2026-01-04T07:39:05,CUST-012,AGT-004,CAT-011,P3,Resolved,Access revocation required for departed employee — immediate action,"A team member departed the organisation yesterday afternoon. Please confirm their access has been revoked across all systems including Active Directory, email, VPN, CRM, and building access. The HR offboarding form has been submitted and is attached.",AD account disabled immediately on ticket receipt. Exchange mailbox placed on litigation hold and auto-reply configured. CRM and VPN access revoked. Building access card deactivated. IT equipment collection scheduled for end of week. All revocations logged per offboarding procedure.,24,2026-01-03T15:41:47,2026-01-04T07:30:14,,False,False,,
TKT-00130,2026-02-26T14:22:08,2026-02-28T03:18:57,CUST-003,AGT-002,CAT-015,P3,Closed,Query about laptop refresh eligibility,"Laptop is approximately 4 years old and running noticeably slower than when new. Would like to understand the organisation device refresh policy and whether the current device is eligible for replacement, and if so what the process is to request one.",Confirmed the 4-year device refresh policy and verified the device against the asset register — it passed its 4-year mark 3 months ago and is eligible. Hardware replacement request raised on the user behalf. Estimated delivery timeline of 5-7 business days communicated.,24,2026-02-26T15:43:24,2026-02-26T18:53:59,2026-02-28T03:18:57,False,False,,3
TKT-00131,2026-06-26T13:18:54,2026-06-27T12:56:12,CUST-011,AGT-009,CAT-007,P4,In Progress,Intermittent Wi-Fi drops in Level 2 meeting rooms during peak hours,Multiple users and teams are experiencing intermittent Wi-Fi disconnections in Level 2 meeting rooms MR-201 through MR-205. The issue is most severe between 9am and 12pm and appears to correlate directly with room occupancy. Client-facing meetings are being disrupted.,,72,2026-06-26T13:59:03,,,True,False,,
TKT-00132,2026-06-11T09:41:10,2026-06-15T09:54:23,CUST-010,AGT-011,CAT-008,P3,Closed,Database query performance degraded after weekend maintenance,"Following the weekend maintenance window, database query performance has degraded significantly across multiple business applications. Queries that previously completed in under 1 second are now taking 15-30 seconds. Applications are displaying timeout errors to end users.",Post-maintenance script had dropped and failed to recreate 12 non-clustered indexes on high-traffic tables. Indexes recreated from the pre-maintenance index configuration backup. Application performance confirmed restored. Pre-maintenance checklist updated to include index integrity verification.,24,2026-06-11T10:13:59,2026-06-12T01:23:33,2026-06-15T09:54:23,False,False,,5
TKT-00133,2026-06-11T10:13:49,2026-06-11T23:52:17,CUST-001,AGT-004,CAT-011,P1,In Progress,User requires read-only database access for audit review,The internal audit team requires temporary read-only access to the production database for a scheduled compliance review. Access is required for two auditors for 10 business days. CISO approval is attached. Access should be automatically removed at the end of the review period.,,2,2026-06-11T10:46:39,,,True,True,Regulatory compliance risk identified — escalated to security team lead,
TKT-00134,2026-02-04T08:43:25,2026-02-09T10:12:53,CUST-010,AGT-003,CAT-012,P3,Closed,SSO authentication failure for project management tool,Receiving an SSO authentication error when attempting to access the corporate project management tool via the internal SSO portal. Error message states SAML assertion validation failed. All other SSO-enabled applications are working correctly. The issue affects multiple users.,The SAML signing certificate for the project management application integration had expired. New certificate generated and uploaded to the service provider. IdP metadata updated with the new certificate fingerprint. SSO login confirmed working for all affected users within 20 minutes.,24,2026-02-04T09:02:06,2026-02-06T13:47:23,2026-02-09T10:12:53,True,False,,2
TKT-00135,2026-05-02T12:25:08,2026-05-05T21:28:34,CUST-011,AGT-003,CAT-011,P4,Closed,User requires read-only database access for audit review,The internal audit team requires temporary read-only access to the production database for a scheduled compliance review. Access is required for two auditors for 10 business days. CISO approval is attached. Access should be automatically removed at the end of the review period.,Read-only database role created with access restricted to the five tables specified in the audit scope. Role assigned to both auditor accounts. Account expiry set in the access management system for automatic revocation. Audit team confirmed successful connection and data access.,72,2026-05-02T14:08:51,2026-05-03T22:43:44,2026-05-05T21:28:34,False,False,,4
TKT-00136,2026-06-13T10:26:15,2026-06-14T06:33:08,CUST-010,AGT-009,CAT-007,P4,In Progress,Intermittent Wi-Fi drops in Level 2 meeting rooms during peak hours,Multiple users and teams are experiencing intermittent Wi-Fi disconnections in Level 2 meeting rooms MR-201 through MR-205. The issue is most severe between 9am and 12pm and appears to correlate directly with room occupancy. Client-facing meetings are being disrupted.,,72,2026-06-13T13:14:43,,,True,False,,
TKT-00137,2026-06-20T08:01:05,2026-06-20T15:13:17,CUST-006,AGT-010,CAT-008,P3,In Progress,Database query performance degraded after weekend maintenance,"Following the weekend maintenance window, database query performance has degraded significantly across multiple business applications. Queries that previously completed in under 1 second are now taking 15-30 seconds. Applications are displaying timeout errors to end users.",,24,2026-06-20T09:26:38,,,True,False,,
TKT-00138,2026-06-24T10:56:53,2026-06-24T14:38:17,CUST-002,AGT-004,CAT-011,P1,Pending Customer,Contractor requires VPN and development environment access for 3-month engagement,A contractor joining on Monday is beginning a 3-month engagement and requires VPN access and credentials for the development environment. Network access should be restricted to the development VLAN only. Project lead approval is attached.,,2,2026-06-24T11:25:25,,,True,True,Third consecutive occurrence of same issue — pattern escalation triggered,
TKT-00139,2026-06-30T07:12:23,2026-06-30T07:45:07,CUST-012,AGT-009,CAT-008,P4,Open,File server access degraded during business hours across all locations,"Users across all office locations are experiencing slow file server access, particularly when opening or saving Microsoft Office documents on the shared drives. The problem appears only during business hours. Out-of-hours testing shows normal performance.",,72,,,,False,False,,
TKT-00140,2026-06-29T12:39:07,2026-06-29T13:05:46,CUST-009,,CAT-012,P4,Open,Account locked out after return from leave — urgent client call in 45 minutes,"Account locked out after multiple failed login attempts on returning from annual leave. Unable to access email, VPN, or any corporate systems. A client call is scheduled in 45 minutes that requires access to CRM and the shared presentation drive. Urgent assistance needed.",,72,,,,False,False,,
TKT-00141,2026-04-24T12:25:32,2026-04-28T05:27:55,CUST-011,AGT-005,CAT-013,P3,Closed,Inbound emails from supplier domain not being received,Emails from the organisation primary supplier are not arriving in any recipient inbox. The supplier has confirmed the emails are being sent and no bounce notifications are being returned. The issue has been occurring for approximately two days. All other external email traffic is operating normally.,The sending domain had recently migrated to new mail server IP addresses which were listed on the Spamhaus blocklist. A temporary bypass whitelist entry applied for the supplier domain to immediately restore mail flow. Delisting request submitted to Spamhaus.,24,2026-04-24T12:38:18,2026-04-25T05:31:55,2026-04-28T05:27:55,False,False,,3
TKT-00142,2026-06-22T13:10:25,2026-06-23T02:30:04,CUST-005,AGT-003,CAT-014,P2,Pending Customer,Accounts not provisioned two days after start date,"Two days into a new role and access to core business systems has not been provisioned. Email is working but the ERP system, BI platform, and internal project portal are all inaccessible. Inability to access these systems is preventing meaningful contribution to the team.",,8,2026-06-22T14:44:41,,,True,False,,
TKT-00143,2026-04-23T07:37:19,2026-04-29T11:29:47,CUST-016,AGT-001,CAT-011,P4,Closed,User requires read-only database access for audit review,The internal audit team requires temporary read-only access to the production database for a scheduled compliance review. Access is required for two auditors for 10 business days. CISO approval is attached. Access should be automatically removed at the end of the review period.,Read-only database role created with access restricted to the five tables specified in the audit scope. Role assigned to both auditor accounts. Account expiry set in the access management system for automatic revocation. Audit team confirmed successful connection and data access.,72,2026-04-23T09:05:53,2026-04-25T09:52:49,2026-04-29T11:29:47,False,False,,4
TKT-00144,2026-06-20T07:46:39,2026-06-20T16:04:22,CUST-019,AGT-004,CAT-012,P3,In Progress,MFA authenticator app inaccessible after phone replacement,Mobile phone was replaced and the Microsoft Authenticator app data was not transferred to the new device. MFA challenges cannot be completed and login to all corporate systems is blocked. Old phone is available but the SIM card has been transferred to the new device.,,24,2026-06-20T10:15:37,,,True,False,,
TKT-00145,2026-06-21T08:13:26,2026-06-21T23:49:54,CUST-004,AGT-004,CAT-011,P2,In Progress,New finance team member requires ERP access before Monday start date,A new team member joining the finance department on Monday requires access to the accounts payable and general ledger modules in the ERP system. Manager approval has been provided via email and is attached. Access must be provisioned and tested before their first day.,,8,2026-06-21T10:22:14,,,True,False,,
TKT-00146,2026-06-24T11:11:29,2026-06-25T06:50:47,CUST-016,AGT-003,CAT-015,P3,In Progress,How to configure VPN on a personal device for international travel,Travelling internationally next month for a conference and would like to configure VPN access on a personal laptop as a backup in case the corporate device has issues. Unsure whether this is permitted under IT policy and how to proceed if it is.,,24,2026-06-24T12:19:07,,,True,False,,
TKT-00147,2026-06-27T10:14:19,2026-06-28T00:04:34,CUST-009,AGT-003,CAT-012,P3,In Progress,MFA authenticator app inaccessible after phone replacement,Mobile phone was replaced and the Microsoft Authenticator app data was not transferred to the new device. MFA challenges cannot be completed and login to all corporate systems is blocked. Old phone is available but the SIM card has been transferred to the new device.,,24,2026-06-27T12:20:25,,,True,False,,
TKT-00148,2026-02-06T13:17:18,2026-02-09T03:07:30,CUST-018,AGT-005,CAT-010,P4,Resolved,Forecast report calculating negative inventory values,The weekly inventory forecast report is producing negative stock-on-hand values for 14 product lines. Negative inventory is not operationally possible and the figures are being queried by the operations team. The report was running correctly until last week.,A recent data load had introduced duplicate records in the inventory adjustment staging table due to a broken deduplication step in the ETL pipeline. Duplicate records removed and ETL deduplication step restored. Historical data for the affected period corrected. Report re-run and all inventory values confirmed non-negative.,72,2026-02-06T15:21:01,2026-02-09T01:29:18,,False,False,,
TKT-00149,2026-06-30T09:28:41,2026-06-30T10:03:18,CUST-005,,CAT-015,P2,Open,Request for second monitor for home office setup,Working remotely three days per week and would like to request a second external monitor for the home office setup. Line manager has provided verbal approval. Requesting information on the available options and the process for requesting peripherals for remote work.,,8,,,,True,True,Customer threatened contract review if not resolved within 2 hours,
TKT-00150,2026-06-18T08:37:15,2026-06-19T01:58:26,CUST-009,AGT-002,CAT-014,P2,In Progress,New starter laptop not delivered on first day,A new team member has started today but their laptop and standard equipment pack have not been delivered. They were expecting the equipment to be ready for their first day as per the onboarding confirmation. They cannot complete any digital work and are restricted to in-person induction sessions only.,,8,2026-06-18T10:39:48,,,True,False,,
